"010101","rifiuti da estrazione di minerali metalliferi","tag_cer"
"010102","rifiuti da estrazione di minerali non metalliferi","tag_cer"
"010304","sterili che possono generare acido prodotti dalla lavorazione di minerale solforoso","tag_cer"
"010305","altri sterili contenenti sostanze pericolose","tag_cer"
"010306","sterili diversi da quelli di cui alle voci 01 03 04 e 01 03 05","tag_cer"
"010307","altri rifiuti contenenti sostanze pericolose prodotti da trattamenti chimici e fisici di minerali metalliferi","tag_cer"
"010308","polveri e residui affini diversi da quelli di cui alla voce 01 03 07","tag_cer"
"010309","fanghi rossi derivanti dalla produzione di allumina, diversi da quelli di cui alla voce 01 03 07","tag_cer"
"010399","rifiuti non specificati altrimenti","tag_cer"
"010407","rifiuti contenenti sostanze pericolose, prodotti da trattamenti chimici e fisici di minerali non metalliferi","tag_cer"
"010408","scarti di ghiaia e pietrisco, diversi da quelli di cui alla voce 01 04 07","tag_cer"
"010409","scarti di sabbia e argilla","tag_cer"
"010410","polveri e residui affini, diversi da quelli di cui alla voce 01 04 07","tag_cer"
"010411","rifiuti della lavorazione di potassa e salgemma, diversi da quelli di cui alla voce 01 04 07","tag_cer"
"010412","sterili ed altri residui del lavaggio e della pulitura di minerali, diversi da quelli di cui alle voci 01 04 07 e 01 04 11","tag_cer"
"010413","rifiuti prodotti dalla lavorazione della pietra, diversi da quelli di cui alla voce 01 04 07","tag_cer"
"010499","rifiuti non specificati altrimenti","tag_cer"
"010504","fanghi e rifiuti di perforazione di pozzi per acque dolci","tag_cer"
"010505","fanghi e rifiuti di perforazione contenenti oli","tag_cer"
"010506","fanghi di perforazione ed altri rifiuti di perforazione contenenti sostanze pericolose","tag_cer"
"010507","fanghi e rifiuti di perforazione contenenti barite, diversi da quelli delle voci 01 05 05 e 01 05 06","tag_cer"
"010508","fanghi e rifiuti di perforazione contenenti cloruri, diversi da quelli delle voci 01 05 05 e 01 05 06","tag_cer"
"010599","rifiuti non specificati altrimenti","tag_cer"
"020101","fanghi da operazioni di lavaggio e pulizia","tag_cer"
"020102","scarti di tessuti animali","tag_cer"
"020103","scarti di tessuti vegetali","tag_cer"
"020104","rifiuti plastici (ad esclusione degli imballaggi)","tag_cer"
"020106","feci animali, urine e letame (comprese le lettiere usate), effluenti, raccolti separatamente e trattati fuori sito","tag_cer"
"020107","rifiuti della silvicoltura","tag_cer"
"020108","rifiuti agrochimici contenenti sostanze pericolose","tag_cer"
"020109","rifiuti agrochimici diversi da quelli della voce 02 01 08","tag_cer"
"020110","rifiuti metallici","tag_cer"
"020199","rifiuti non specificati altrimenti","tag_cer"
"020201","fanghi da operazioni di lavaggio e pulizia","tag_cer"
"020202","scarti di tessuti animali","tag_cer"
"020203","scarti inutilizzabili per il consumo o la trasformazione","tag_cer"
"020204","fanghi prodotti dal trattamento in loco degli effluenti","tag_cer"
"020299","rifiuti non specificati altrimenti","tag_cer"
"020301","fanghi prodotti da operazioni di lavaggio, pulizia, sbucciatura, centrifugazione e separazione di componenti","tag_cer"
"020302","rifiuti legati all'impiego di conservanti","tag_cer"
"020303","rifiuti prodotti dall'estrazione tramite solvente","tag_cer"
"020304","scarti inutilizzabili per il consumo o la trasformazione","tag_cer"
"020305","fanghi prodotti dal trattamento in loco degli effluenti","tag_cer"
"020399","rifiuti non specificati altrimenti","tag_cer"
"020401","terriccio residuo delle operazioni di pulizia e lavaggio delle barbabietole","tag_cer"
"020402","carbonato di calcio fuori specifica","tag_cer"
"020403","fanghi prodotti dal trattamento in loco degli effluenti","tag_cer"
"020499","rifiuti non specificati altrimenti","tag_cer"
"020501","scarti inutilizzabili per il consumo o la trasformazione","tag_cer"
"020502","fanghi prodotti dal trattamento in loco degli effluenti","tag_cer"
"020599","rifiuti non specificati altrimenti","tag_cer"
"020601","scarti inutilizzabili per il consumo o la trasformazione","tag_cer"
"020602","rifiuti legati all'impiego di conservanti","tag_cer"
"020603","fanghi prodotti dal trattamento in loco degli effluenti","tag_cer"
"020699","rifiuti non specificati altrimenti","tag_cer"
"020701","rifiuti prodotti dalle operazioni di lavaggio, pulizia e macinazione della materia prima","tag_cer"
"020702","rifiuti prodotti dalla distillazione di bevande alcoliche","tag_cer"
"020703","rifiuti prodotti dai trattamenti chimici","tag_cer"
"020704","scarti inutilizzabili per il consumo o la trasformazione","tag_cer"
"020705","fanghi prodotti dal trattamento in loco degli effluenti","tag_cer"
"020799","rifiuti non specificati altrimenti","tag_cer"
"030101","scarti di corteccia e sughero","tag_cer"
"030104","segatura, trucioli, residui di taglio, legno, pannelli di truciolare e piallacci contenenti sostanze pericolose","tag_cer"
"030105","segatura, trucioli, residui di taglio, legno, pannelli di truciolare e piallacci diversi da quelli di cui alla voce 03 01 04","tag_cer"
"030199","rifiuti non specificati altrimenti","tag_cer"
"030201","prodotti per i trattamenti conservativi del legno contenenti composti organici non alogenati","tag_cer"
"030202","prodotti per i trattamenti conservativi del legno contenenti composti organici clorurati","tag_cer"
"030203","prodotti per i trattamenti conservativi del legno contenenti composti organometallici","tag_cer"
"030204","prodotti per i trattamenti conservativi del legno contenenti composti inorganici","tag_cer"
"030205","altri prodotti per i trattamenti conservativi del legno contenenti sostanze pericolose","tag_cer"
"030299","prodotti per i trattamenti conservativi del legno non specificati altrimenti","tag_cer"
"030301","scarti di corteccia e legno","tag_cer"
"030302","fanghi di recupero dei bagni di macerazione (green liquor)","tag_cer"
"030305","fanghi prodotti dai processi di disinchiostrazione nel riciclaggio della carta","tag_cer"
"030307","scarti della separazione meccanica nella produzione di polpa da rifiuti di carta e cartone","tag_cer"
"030308","scarti della selezione di carta e cartone destinati ad essere riciclati","tag_cer"
"030309","fanghi di scarto contenenti carbonato di calcio","tag_cer"
"030310","scarti di fibre e fanghi contenenti fibre, riempitivi e prodotti di rivestimento generati dai processi di separazione meccanica","tag_cer"
"030311","fanghi prodotti dal trattamento in loco degli effluenti, diversi da quelli di cui alla voce 03 03 10","tag_cer"
"030399","rifiuti non specificati altrimenti","tag_cer"
"040101","carniccio e frammenti di calce","tag_cer"
"040102","rifiuti di calcinazione","tag_cer"
"040103","bagni di sgrassatura esauriti contenenti solventi senza fase liquida","tag_cer"
"040104","liquido di concia contenente cromo","tag_cer"
"040105","liquido di concia non contenente cromo","tag_cer"
"040106","fanghi, prodotti in particolare dal trattamento in loco degli effluenti, contenenti cromo","tag_cer"
"040107","fanghi, prodotti in particolare dal trattamento in loco degli effluenti, non contenenti cromo","tag_cer"
"040108","cuoio conciato (scarti, cascami, ritagli, polveri di lucidatura) contenenti cromo","tag_cer"
"040109","rifiuti delle operazioni di confezionamento e finitura","tag_cer"
"040199","rifiuti non specificati altrimenti","tag_cer"
"040209","rifiuti da materiali compositi (fibre impregnate, elastomeri, plastomeri)","tag_cer"
"040210","materiale organico proveniente da prodotti naturali (ad es. grasso, cera)","tag_cer"
"040214","rifiuti provenienti da operazioni di finitura, contenenti solventi organici","tag_cer"
"040215","rifiuti da operazioni di finitura, diversi da quelli di cui alla voce 04 02 14","tag_cer"
"040216","tinture e pigmenti, contenenti sostanze pericolose","tag_cer"
"040217","tinture e pigmenti, diversi da quelli di cui alla voce 04 02 16","tag_cer"
"040219","fanghi prodotti dal trattamento in loco degli effluenti, contenenti sostanze pericolose","tag_cer"
"040220","fanghi prodotti dal trattamento in loco degli effluenti, diversi da quelli di cui alla voce 04 02 19","tag_cer"
"040221","rifiuti da fibre tessili grezze","tag_cer"
"040222","rifiuti da fibre tessili lavorate","tag_cer"
"040299","rifiuti non specificati altrimenti","tag_cer"
"050102","fanghi da processi di dissalazione","tag_cer"
"050103","morchie depositate sul fondo dei serbatoi","tag_cer"
"050104","fanghi acidi prodotti da processi di alchilazione","tag_cer"
"050105","perdite di olio","tag_cer"
"050106","fanghi oleosi prodotti dalla manutenzione di impianti e apparecchiature","tag_cer"
"050107","catrami acidi","tag_cer"
"050108","altri catrami","tag_cer"
"050109","fanghi prodotti dal trattamento in loco degli effluenti, contenenti sostanze pericolose","tag_cer"
"050110","fanghi prodotti dal trattamento in loco degli effluenti, diversi da quelli di cui alla voce 05 01 09","tag_cer"
"050111","rifiuti prodotti dalla purificazione di carburanti tramite basi","tag_cer"
"050112","acidi contenenti oli","tag_cer"
"050113","fanghi residui dell'acqua di alimentazione delle caldaie","tag_cer"
"050114","rifiuti prodotti dalle torri di raffreddamento","tag_cer"
"050115","filtri di argilla esauriti","tag_cer"
"050116","rifiuti contenenti zolfo prodotti dalla desolforizzazione del petrolio","tag_cer"
"050117","bitumi","tag_cer"
"050199","rifiuti non specificati altrimenti","tag_cer"
"050601","catrami acidi","tag_cer"
"050603","altri catrami","tag_cer"
"050604","rifiuti prodotti dalle torri di raffreddamento","tag_cer"
"050699","rifiuti non specificati altrimenti","tag_cer"
"050701","rifiuti contenenti mercurio","tag_cer"
"050702","rifiuti contenenti zolfo","tag_cer"
"050799","rifiuti non specificati altrimenti","tag_cer"
"060101","acido solforico ed acido solforoso","tag_cer"
"060102","acido cloridrico","tag_cer"
"060103","acido fluoridrico","tag_cer"
"060104","acido fosforico e fosforoso","tag_cer"
"060105","acido nitrico e acido nitroso","tag_cer"
"060106","altri acidi","tag_cer"
"060199","rifiuti non specificati altrimenti","tag_cer"
"060201","idrossido di calcio","tag_cer"
"060203","idrossido di ammonio","tag_cer"
"060204","idrossido di sodio e di potassio","tag_cer"
"060205","altre basi","tag_cer"
"060299","rifiuti non specificati altrimenti","tag_cer"
"060311","sali e loro soluzioni, contenenti cianuri","tag_cer"
"060313","sali e loro soluzioni, contenenti metalli pesanti","tag_cer"
"060314","sali e loro soluzioni, diversi da quelli di cui alle voci 06 03 11 e 06 03 13","tag_cer"
"060315","ossidi metallici contenenti metalli pesanti","tag_cer"
"060316","ossidi metallici, diversi da quelli di cui alla voce 06 03 15","tag_cer"
"060399","rifiuti non specificati altrimenti","tag_cer"
"060403","rifiuti contenenti arsenico","tag_cer"
"060404","rifiuti contenenti mercurio","tag_cer"
"060405","rifiuti contenenti altri metalli pesanti","tag_cer"
"060499","rifiuti non specificati altrimenti","tag_cer"
"060502","fanghi prodotti dal trattamento in loco degli effluenti, contenenti sostanze pericolose","tag_cer"
"060503","fanghi prodotti dal trattamento in loco degli effluenti, diversi da quelli di cui alla voce 06 05 02","tag_cer"
"060602","rifiuti contenenti solfuri pericolosi","tag_cer"
"060603","rifiuti contenenti solfuri, diversi da quelli di cui alla voce 06 06 02","tag_cer"
"060699","rifiuti non specificati altrimenti","tag_cer"
"060701","rifiuti dei processi elettrolitici, contenenti amianto","tag_cer"
"060702","carbone attivato dalla produzione di cloro","tag_cer"
"060703","fanghi di solfati di bario, contenenti mercurio","tag_cer"
"060704","soluzioni ed acidi, ad es. acido di contatto","tag_cer"
"060799","rifiuti non specificati altrimenti","tag_cer"
"060802","rifiuti contenenti clorosilano pericoloso","tag_cer"
"060899","rifiuti non specificati altrimenti","tag_cer"
"060902","scorie fosforose","tag_cer"
"060903","rifiuti prodotti da reazioni a base di calcio contenenti o contaminati da sostanze pericolose","tag_cer"
"060904","rifiuti prodotti da reazioni a base di calcio, diversi da quelli di cui alla voce 06 09 03","tag_cer"
"060999","rifiuti non specificati altrimenti","tag_cer"
"061000","rifiuti della produzione, formulazione, fornitura ed uso di prodotti chimici contenenti azoto, dei processi chimici dell'azoto e della produzione di fertilizzanti","tag_cer"
"061002","rifiuti contenenti sostanze pericolose","tag_cer"
"061099","rifiuti non specificati altrimenti","tag_cer"
"061101","rifiuti prodotti da reazioni a base di calcio nella produzione di diossido di titanio","tag_cer"
"061199","rifiuti non specificati altrimenti","tag_cer"
"061301","prodotti fitosanitari, agenti conservativi del legno ed altri biocidi inorganici","tag_cer"
"061302","carbone attivato esaurito (tranne 06 07 02)","tag_cer"
"061303","nerofumo","tag_cer"
"061304","rifiuti della lavorazione dell'amianto","tag_cer"
"061305","fuliggine","tag_cer"
"061399","rifiuti non specificati altrimenti","tag_cer"
"070101","soluzioni acquose di lavaggio ed acque madri","tag_cer"
"070103","solventi organici alogenati, soluzioni di lavaggio ed acque madri","tag_cer"
"070104","altri solventi organici, soluzioni di lavaggio ed acque madri","tag_cer"
"070107","fondi e residui di reazione, alogenati","tag_cer"
"070108","altri fondi e residui di reazione","tag_cer"
"070109","residui di filtrazione e assorbenti esauriti, alogenati","tag_cer"
"070110","altri residui di filtrazione e assorbenti esauriti","tag_cer"
"070111","fanghi prodotti dal trattamento in loco degli effluenti, contenenti sostanze pericolose","tag_cer"
"070112","fanghi prodotti dal trattamento in loco degli effluenti, diversi da quelli di cui alla voce 07 01 11","tag_cer"
"070199","rifiuti non specificati altrimenti","tag_cer"
"070201","soluzioni acquose di lavaggio ed acque madri","tag_cer"
"070203","solventi organici alogenati, soluzioni di lavaggio ed acque madri","tag_cer"
"070204","altri solventi organici, soluzioni di lavaggio ed acque madri","tag_cer"
"070207","fondi e residui di reazione, alogenati","tag_cer"
"070208","altri fondi e residui di reazione","tag_cer"
"070209","residui di filtrazione e assorbenti esauriti, alogenati","tag_cer"
"070210","altri residui di filtrazione e assorbenti esauriti","tag_cer"
"070211","fanghi prodotti dal trattamento in loco degli effluenti, contenenti sostanze pericolose","tag_cer"
"070212","fanghi prodotti dal trattamento in loco degli effluenti, diversi da quelli di cui alla voce 07 02 11","tag_cer"
"070213","rifiuti plastici","tag_cer"
"070214","rifiuti prodotti da additivi, contenenti sostanze pericolose","tag_cer"
"070215","rifiuti prodotti da additivi, diversi da quelli di cui alla voce 07 02 14","tag_cer"
"070216","rifiuti contenenti silicone pericoloso","tag_cer"
"070217","rifiuti contenenti silicone diversi da quelli menzionati alla voce 07 02 16","tag_cer"
"070299","rifiuti non specificati altrimenti","tag_cer"
"070301","soluzioni acquose di lavaggio ed acque madri","tag_cer"
"070303","solventi organici alogenati, soluzioni di lavaggio ed acque madri","tag_cer"
"070304","altri solventi organici, soluzioni di lavaggio ed acque madri","tag_cer"
"070307","fondi e residui di reazione alogenati","tag_cer"
"070308","altri fondi e residui di reazione","tag_cer"
"070309","residui di filtrazione e assorbenti esauriti alogenati","tag_cer"
"070310","altri residui di filtrazione e assorbenti esauriti","tag_cer"
"070311","fanghi prodotti dal trattamento in loco degli effluenti, contenenti sostanze pericolose","tag_cer"
"070312","fanghi prodotti dal trattamento in loco degli effluenti, diversi da quelli di cui alla voce 07 03 11","tag_cer"
"070399","rifiuti non specificati altrimenti","tag_cer"
"070401","soluzioni acquose di lavaggio ed acque madri","tag_cer"
"070403","solventi organici alogenati, soluzioni di lavaggio ed acque madri","tag_cer"
"070404","altri solventi organici, soluzioni di lavaggio ed acque madri","tag_cer"
"070407","fondi e residui di reazione alogenati","tag_cer"
"070408","altri fondi e residui di reazione","tag_cer"
"070409","residui di filtrazione e assorbenti esauriti alogenati","tag_cer"
"070410","altri residui di filtrazione e assorbenti esauriti","tag_cer"
"070411","fanghi prodotti dal trattamento in loco degli effluenti, contenenti sostanze pericolose","tag_cer"
"070412","fanghi prodotti dal trattamento in loco degli effluenti, diversi da quelli di cui alla voce 07 04 11","tag_cer"
"070413","rifiuti solidi contenenti sostanze pericolose","tag_cer"
"070499","rifiuti non specificati altrimenti","tag_cer"
"070501","soluzioni acquose di lavaggio ed acque madri","tag_cer"
"070503","solventi organici alogenati, soluzioni di lavaggio ed acque madri","tag_cer"
"070504","altri solventi organici, soluzioni di lavaggio ed acque madri","tag_cer"
"070507","fondi e residui di reazione, alogenati","tag_cer"
"070508","altri fondi e residui di reazione","tag_cer"
"070509","residui di filtrazione e assorbenti esauriti, alogenati","tag_cer"
"070510","altri residui di filtrazione e assorbenti esauriti","tag_cer"
"070511","fanghi prodotti dal trattamento in loco degli effluenti, contenenti sostanze pericolose","tag_cer"
"070512","fanghi prodotti dal trattamento in loco degli effluenti, diversi da quelli di cui alla voce 07 05 11","tag_cer"
"070513","rifiuti solidi contenenti sostanze pericolose","tag_cer"
"070514","rifiuti solidi, diversi da quelli di cui alla voce 07 05 13","tag_cer"
"070599","rifiuti non specificati altrimenti","tag_cer"
"070601","soluzioni acquose di lavaggio ed acque madri","tag_cer"
"070603","solventi organici alogenati, soluzioni di lavaggio ed acque madri","tag_cer"
"070604","altri solventi organici alogenati, soluzioni di lavaggio ed acque madri","tag_cer"
"070607","fondi e residui di reazione, alogenati","tag_cer"
"070608","altri fondi e residui di reazione","tag_cer"
"070609","residui di filtrazione e assorbenti esauriti, alogenati","tag_cer"
"070610","altri residui di filtrazione e assorbenti esauriti","tag_cer"
"070611","fanghi prodotti dal trattamento in loco degli effluenti, contenenti sostanze pericolose","tag_cer"
"070612","fanghi prodotti dal trattamento in loco degli effluenti, diversi da quelli di cui alla voce 07 06 11","tag_cer"
"070699","rifiuti non specificati altrimenti","tag_cer"
"070701","soluzioni acquose di lavaggio ed acque madri","tag_cer"
"070703","solventi organici alogenati, soluzioni di lavaggio ed acque madri","tag_cer"
"070704","altri solventi organici alogenati, soluzioni di lavaggio ed acque madri","tag_cer"
"070707","fondi e residui di reazione, alogenati","tag_cer"
"070708","altri fondi e residui di reazione","tag_cer"
"070709","residui di filtrazione e assorbenti esauriti, alogenati","tag_cer"
"070710","altri residui di filtrazione e assorbenti esauriti","tag_cer"
"070711","fanghi prodotti dal trattamento in loco degli effluenti, contenenti sostanze pericolose","tag_cer"
"070712","fanghi prodotti dal trattamento in loco degli effluenti, diversi da quelli di cui alla voce 07 07 11","tag_cer"
"070799","rifiuti non specificati altrimenti","tag_cer"
"080111","pitture e vernici di scarto, contenenti solventi organici o altre sostanze pericolose","tag_cer"
"080112","pitture e vernici di scarto, diverse da quelle di cui alla voce 08 01 11","tag_cer"
"080113","fanghi prodotti da pitture e vernici, contenenti solventi organici o altre sostanze pericolose","tag_cer"
"080114","fanghi prodotti da pitture e vernici, diversi da quelli di cui alla voce 08 01 13","tag_cer"
"080115","fanghi acquosi contenenti pitture e vernici, contenenti solventi organici o altre sostanze pericolose","tag_cer"
"080116","fanghi acquosi contenenti pitture e vernici, diversi da quelli di cui alla voce 08 01 15","tag_cer"
"080117","fanghi prodotti dalla rimozione di pitture e vernici, contenenti solventi organici o altre sostanze pericolose","tag_cer"
"080118","fanghi prodotti dalla rimozione di pitture e vernici, diversi da quelli di cui alla voce 08 01 17","tag_cer"
"080119","sospensioni acquose contenenti pitture e vernici, contenenti solventi organici o altre sostanze pericolose","tag_cer"
"080120","sospensioni acquose contenenti pitture e vernici, diverse da quelle di cui alla voce 08 01 19","tag_cer"
"080121","residui di vernici o di sverniciatori","tag_cer"
"080199","rifiuti non specificati altrimenti","tag_cer"
"080201","polveri di scarto di rivestimenti","tag_cer"
"080202","fanghi acquosi contenenti materiali ceramici","tag_cer"
"080203","sospensioni acquose contenenti materiali ceramici","tag_cer"
"080299","rifiuti non specificati altrimenti","tag_cer"
"080307","fanghi acquosi contenenti inchiostro","tag_cer"
"080308","rifiuti liquidi acquosi contenenti inchiostro","tag_cer"
"080312","scarti di inchiostro, contenenti sostanze pericolose","tag_cer"
"080313","scarti di inchiostro, diversi da quelli di cui alla voce 08 03 12","tag_cer"
"080314","fanghi di inchiostro, contenenti sostanze pericolose","tag_cer"
"080315","fanghi di inchiostro, diversi da quelli di cui alla voce 08 03 14","tag_cer"
"080316","residui di soluzioni chimiche per incisione","tag_cer"
"080317","toner per stampa esauriti, contenenti sostanze pericolose","tag_cer"
"080318","toner per stampa esauriti, diversi da quelli di cui alla voce 08 03 17","tag_cer"
"080319","oli dispersi","tag_cer"
"080399","rifiuti non specificati altrimenti","tag_cer"
"080409","adesivi e sigillanti di scarto, contenenti solventi organici o altre sostanze pericolose","tag_cer"
"080410","adesivi e sigillanti di scarto, diversi da quelli di cui alla voce 08 04 09","tag_cer"
"080411","fanghi di adesivi e sigillanti, contenenti solventi organici o altre sostanze pericolose","tag_cer"
"080412","fanghi di adesivi e sigillanti, diversi da quelli di cui alla voce 08 04 11","tag_cer"
"080413","fanghi acquosi contenenti adesivi e sigillanti, contenenti solventi organici o altre sostanze pericolose","tag_cer"
"080414","fanghi acquosi contenenti adesivi e sigillanti, diversi da quelli di cui alla voce 08 04 13","tag_cer"
"080415","rifiuti liquidi acquosi contenenti adesivi e sigillanti, contenenti solventi organici o altre sostanze pericolose","tag_cer"
"080416","rifiuti liquidi acquosi contenenti adesivi e sigillanti, diversi da quelli di cui alla voce 08 04 15","tag_cer"
"080417","olio di resina","tag_cer"
"080499","rifiuti non specificati altrimenti","tag_cer"
"080501","isocianati di scarto","tag_cer"
"090101","soluzioni di sviluppo e attivanti a base acquosa","tag_cer"
"090102","soluzioni di sviluppo per lastre offset a base acquosa","tag_cer"
"090103","soluzioni di sviluppo a base di solventi","tag_cer"
"090104","soluzioni fissative","tag_cer"
"090105","soluzioni di sbianca e soluzioni di sbianca-fissaggio","tag_cer"
"090106","rifiuti contenenti argento prodotti dal trattamento in loco di rifiuti fotografici","tag_cer"
"090107","carta e pellicole per fotografia, contenenti argento o composti dell'argento","tag_cer"
"090108","carta e pellicole per fotografia, non contenenti argento o composti dell'argento","tag_cer"
"090110","macchine fotografiche monouso senza batterie","tag_cer"
"090111","macchine fotografiche monouso contenenti batterie incluse nelle voci 16 06 01, 16 06 02 o 16 06 03","tag_cer"
"090112","macchine fotografiche monouso diverse da quelle di cui alla voce 09 01 11","tag_cer"
"090113","rifiuti liquidi acquosi prodotti dal recupero in loco dell'argento, diversi da quelli di cui alla voce 09 01 06","tag_cer"
"090199","rifiuti non specificati altrimenti","tag_cer"
"100101","ceneri pesanti, scorie e polveri di caldaia (tranne le polveri di caldaia di cui alla voce 10 01 04)","tag_cer"
"100102","ceneri leggere di carbone","tag_cer"
"100103","ceneri leggere di torba e di legno non trattato","tag_cer"
"100104","ceneri leggere di olio combustibile e polveri di caldaia","tag_cer"
"100105","rifiuti solidi prodotti da reazioni a base di calcio nei processi di desolforazione dei fumi","tag_cer"
"100107","rifiuti fangosi prodotti da reazioni a base di calcio nei processi di desolforazione dei fumi","tag_cer"
"100109","acido solforico","tag_cer"
"100113","ceneri leggere prodotte da idrocarburi emulsionati usati come carburante","tag_cer"
"100114","ceneri pesanti, scorie e polveri di caldaia prodotte dal coincenerimento, contenenti sostanze pericolose","tag_cer"
"100115","ceneri pesanti, scorie e polveri di caldaia prodotte dal coincenerimento, diverse da quelli di cui alla voce 10 01 04 14","tag_cer"
"100116","ceneri leggere prodotte dal coincenerimento, contenenti sostanze pericolose","tag_cer"
"100117","ceneri leggere prodotte dal coincenerimento, diverse da quelle di cui alla voce 10 01 16","tag_cer"
"100118","rifiuti prodotti dalla depurazione dei fumi, contenenti sostanze pericolose","tag_cer"
"100119","rifiuti prodotti dalla depurazione dei fumi, diversi da quelli di cui alle voci 10 01 05, 10 01 07 e 10 01 18","tag_cer"
"100120","fanghi prodotti dal trattamento in loco degli effluenti, contenenti sostanze pericolose","tag_cer"
"100121","fanghi prodotti dal trattamento in loco degli effluenti, diversi da quelli di cui alla voce 10 01 20","tag_cer"
"100122","fanghi acquosi da operazioni di pulizia caldaie, contenenti sostanze pericolose","tag_cer"
"100123","fanghi acquosi da operazioni di pulizia caldaie, diversi da quelli di cui alla voce 10 01 22","tag_cer"
"100124","sabbie dei reattori a letto fluidizzato","tag_cer"
"100125","rifiuti dell'immagazzinamento e della preparazione del combustibile delle centrali termoelettriche a carbone","tag_cer"
"100126","rifiuti prodotti dal trattamento delle acque di raffreddamento","tag_cer"
"100199","rifiuti non specificati altrimenti","tag_cer"
"100201","rifiuti del trattamento delle scorie","tag_cer"
"100202","scorie non trattate","tag_cer"
"100207","rifiuti solidi prodotti dal trattamento dei fumi, contenenti sostanze pericolose","tag_cer"
"100208","rifiuti prodotti dal trattamento dei fumi, diversi da quelli di cui alla voce 10 02 07","tag_cer"
"100210","scaglie di laminazione","tag_cer"
"100211","rifiuti prodotti dal trattamento delle acque di raffreddamento, contenti oli","tag_cer"
"100212","rifiuti prodotti dal trattamento delle acque di raffreddamento, diversi da quelli di cui alla voce 10 02 11","tag_cer"
"100213","fanghi e residui di filtrazione prodotti dal trattamento dei fumi, contenenti sostanze pericolose","tag_cer"
"100214","fanghi e residui di filtrazione prodotti dal trattamento dei fumi, diversi da quelli di cui alla voce 10 02 13","tag_cer"
"100215","altri fanghi e residui di filtrazione","tag_cer"
"100299","rifiuti non specificati altrimenti","tag_cer"
"100302","frammenti di anodi","tag_cer"
"100304","scorie della produzione primaria","tag_cer"
"100305","rifiuti di allumina","tag_cer"
"100308","scorie saline della produzione secondaria","tag_cer"
"100309","scorie nere della produzione secondaria","tag_cer"
"100315","schiumature infiammabili o che rilasciano, al contatto con l'acqua, gas infiammabili in quantità pericolose","tag_cer"
"100316","schiumature diverse da quelle di cui alla voce 10 03 15","tag_cer"
"100317","rifiuti contenenti catrame della produzione degli anodi","tag_cer"
"100318","rifiuti contenenti catrame carbone della produzione degli anodi, diversi da quelli di cui alla voce 10 03 17","tag_cer"
"100319","polveri dei gas di combustione, contenenti sostanze pericolose","tag_cer"
"100320","polveri dei gas di combustione, diverse da quelle di cui alla voce 10 03 19","tag_cer"
"100321","altre polveri e particolati (comprese quelle prodotte da mulini a palle), contenenti sostanze pericolose","tag_cer"
"100322","altre polveri e particolati (comprese quelle prodotte da mulini a palle), diverse da quelle di cui alla voce 10 03 21","tag_cer"
"100323","rifiuti solidi prodotti dal trattamento dei fumi, contenenti sostanze pericolose","tag_cer"
"100324","rifiuti prodotti dal trattamento dei fumi, diversi da quelli di cui alla voce 10 03 23","tag_cer"
"100325","fanghi e residui di filtrazione prodotti dal trattamento dei fumi, contenenti sostanze pericolose","tag_cer"
"100326","fanghi e residui di filtrazione prodotti dal trattamento dei fumi, diversi da quelli di cui alla voce 10 03 25","tag_cer"
"100327","rifiuti prodotti dal trattamento delle acque di raffreddamento, contenenti oli","tag_cer"
"100328","rifiuti prodotti dal trattamento delle acque di raffreddamento, diversi da quelli di cui alla voce 10 03 27","tag_cer"
"100329","rifiuti prodotti dal trattamento di scorie saline e scorie nere, contenenti sostanze pericolose","tag_cer"
"100330","rifiuti prodotti dal trattamento di scorie saline e scorie nere, diversi da quelli di cui alla voce 10 03 29","tag_cer"
"100399","rifiuti non specificati altrimenti","tag_cer"
"100401","scorie della produzione primaria e secondaria","tag_cer"
"100402","impurità e schiumature della produzione primaria e secondaria","tag_cer"
"100403","arsenato di calcio","tag_cer"
"100404","polveri dei gas di combustione","tag_cer"
"100405","altre polveri e particolato","tag_cer"
"100406","rifiuti solidi prodotti dal trattamento dei fumi","tag_cer"
"100407","fanghi e residui di filtrazione prodotti dal trattamento dei fumi","tag_cer"
"100409","rifiuti prodotti dal trattamento delle acque di raffreddamento, contenenti oli","tag_cer"
"100410","rifiuti prodotti dal trattamento delle acque di raffreddamento, diversi da quelli di cui alla voce 10 04 09","tag_cer"
"100499","rifiuti non specificati altrimenti","tag_cer"
"100501","scorie della produzione primaria e secondaria","tag_cer"
"100503","polveri dei gas di combustione","tag_cer"
"100504","altre polveri e particolato","tag_cer"
"100505","rifiuti solidi prodotti dal trattamento dei fumi","tag_cer"
"100506","fanghi e residui di filtrazione prodotti dal trattamento dei fumi","tag_cer"
"100508","rifiuti prodotti dal trattamento delle acque di raffreddamento, contenenti oli","tag_cer"
"100509","rifiuti prodotti dal trattamento delle acque di raffreddamento, diversi da quelli di cui alla voce 10 05 08","tag_cer"
"100510","scorie e schiumature infiammabili o che rilasciano, al contatto con l'acqua, gas infiammabili in quantità pericolose","tag_cer"
"100511","scorie e schiumature diverse da quelle di cui alla voce 10 05 10","tag_cer"
"100599","rifiuti non specificati altrimenti","tag_cer"
"100601","scorie della produzione primaria e secondaria","tag_cer"
"100602","impurità e schiumature della produzione primaria e secondaria","tag_cer"
"100603","polveri dei gas di combustione","tag_cer"
"100604","altre polveri e particolato","tag_cer"
"100606","rifiuti solidi prodotti dal trattamento dei fumi","tag_cer"
"100607","fanghi e residui di filtrazione prodotti dal trattamento dei fumi","tag_cer"
"100609","rifiuti prodotti dal trattamento delle acque di raffreddamento, contenenti oli","tag_cer"
"100610","rifiuti prodotti dal trattamento delle acque di raffreddamento, diversi da quelli di cui alla voce 10 06 09","tag_cer"
"100699","rifiuti non specificati altrimenti","tag_cer"
"100701","scorie della produzione primaria e secondaria","tag_cer"
"100702","impurità e schiumature della produzione primaria e secondaria","tag_cer"
"100703","rifiuti solidi prodotti dal trattamento dei fumi","tag_cer"
"100704","altre polveri e particolato","tag_cer"
"100705","fanghi e residui di filtrazione prodotti dal trattamento dei fumi","tag_cer"
"100707","rifiuti prodotti dal trattamento delle acque di raffreddamento, contenenti oli","tag_cer"
"100708","rifiuti prodotti dal trattamento delle acque di raffreddamento, diversi da quelli di cui alla voce 10 07 07","tag_cer"
"100799","rifiuti non specificati altrimenti","tag_cer"
"100804","polveri e particolato","tag_cer"
"100808","scorie salate della produzione primaria e secondaria","tag_cer"
"100809","altre scorie","tag_cer"
"100810","impurità e schiumature infiammabili o che rilasciano, al contatto con l'acqua, gas infiammabili in quantità pericolose","tag_cer"
"100811","impurità e schiumature diverse da quelle di cui alla voce 10 08 10","tag_cer"
"100812","rifiuti contenenti catrame derivante dalla produzione degli anodi","tag_cer"
"100813","rifiuti contenenti carbone della produzione degli anodi, diversi da quelli di cui alla voce 10 08 12","tag_cer"
"100814","frammenti di anodi","tag_cer"
"100815","polveri dei gas di combustione, contenenti sostanze pericolose","tag_cer"
"100816","polveri dei gas di combustione, diverse da quelle di cui alla voce 10 08 15","tag_cer"
"100817","fanghi e residui di filtrazione prodotti dal trattamento dei fumi, contenenti sostanze pericolose","tag_cer"
"100818","fanghi e residui di filtrazione prodotti dal trattamento dei fumi, diversi da quelli di cui alla voce 10 08 17","tag_cer"
"100819","rifiuti prodotti dal trattamento delle acque di raffreddamento, contenenti oli","tag_cer"
"100820","rifiuti prodotti dal trattamento delle acque di raffreddamento, diversi da quelli di cui alla voce 10 08 19","tag_cer"
"100899","rifiuti non specificati altrimenti","tag_cer"
"100903","scorie di fusione","tag_cer"
"100905","forme e anime da fonderia non utilizzate, contenenti sostanze pericolose","tag_cer"
"100906","forme e anime da fonderia non utilizzate, diverse da quelle di cui alla voce 10 09 05","tag_cer"
"100907","forme e anime da fonderia utilizzate, contenenti sostanze pericolose","tag_cer"
"100908","forme e anime da fonderia utilizzate, diverse da quelle di cui alla voce 10 09 07","tag_cer"
"100909","polveri dei gas di combustione contenenti sostanze pericolose","tag_cer"
"100910","polveri dei gas di combustione diverse da quelle di cui alla voce 10 09 09","tag_cer"
"100911","altri particolati contenenti sostanze pericolose","tag_cer"
"100912","altri particolati diversi da quelli di cui alla voce 10 09 11","tag_cer"
"100913","leganti per rifiuti contenenti sostanze pericolose","tag_cer"
"100914","leganti per rifiuti diversi da quelli di cui alla voce 10 09 13","tag_cer"
"100915","scarti di prodotti rilevatori di crepe, contenenti sostanze pericolose","tag_cer"
"100916","scarti di prodotti rilevatori di crepe, diversi da quelli di cui alla voce 10 09 15","tag_cer"
"100999","rifiuti non specificati altrimenti","tag_cer"
"101003","scorie di fusione","tag_cer"
"101005","forme e anime da fonderia non utilizzate, contenenti sostanze pericolose","tag_cer"
"101006","forme e anime da fonderia non utilizzate, diverse da quelle di cui alla voce 10 10 05","tag_cer"
"101007","forme e anime da fonderia utilizzate, contenenti sostanze pericolose","tag_cer"
"101008","forme e anime da fonderia utilizzate, diverse da quelle di cui alla voce 10 10 07","tag_cer"
"101009","polveri dei gas di combustione, contenenti sostanze pericolose","tag_cer"
"101010","polveri dei gas di combustione, diverse da quelle di cui alla voce 10 10 09","tag_cer"
"101011","altri particolati contenenti sostanze pericolose","tag_cer"
"101012","altri particolati diversi da quelli di cui alla voce 10 10 11","tag_cer"
"101013","leganti per rifiuti contenenti sostanze pericolose","tag_cer"
"101014","leganti per rifiuti diversi da quelli di cui alla voce 10 10 13","tag_cer"
"101015","scarti di prodotti rilevatori di crepe, contenenti sostanze pericolose","tag_cer"
"101016","scarti di prodotti rilevatori di crepe, diversi da quelli di cui alla voce 10 10 15","tag_cer"
"101099","rifiuti non specificati altrimenti","tag_cer"
"101103","scarti di materiali in fibra a base di vetro","tag_cer"
"101105","polveri e particolato","tag_cer"
"101109","scarti di mescole non sottoposte a trattamento termico, contenenti sostanze pericolose","tag_cer"
"101110","scarti di mescole non sottoposte a trattamento termico, diverse da quelle di cui alla voce 10 11 09","tag_cer"
"101111","rifiuti di vetro in forma di particolato e polveri di vetro contenenti metalli pesanti (provenienti ad es. da tubi a raggi catodici)","tag_cer"
"101112","rifiuti di vetro diversi da quelli di cui alla voce 10 11 11","tag_cer"
"101113","lucidature di vetro e fanghi di macinazione, contenenti sostanze pericolose","tag_cer"
"101114","lucidature di vetro e fanghi di macinazione, diversi da quelli di cui alla voce 10 11 13","tag_cer"
"101115","rifiuti solidi prodotti dal trattamento dei fumi, contenenti sostanze pericolose","tag_cer"
"101116","rifiuti prodotti dal trattamento dei fumi, diversi da quelli di cui alla voce 10 11 15","tag_cer"
"101117","fanghi e residui di filtrazione prodotti dal trattamento dei fumi, contenenti sostanze pericolose","tag_cer"
"101118","fanghi e residui di filtrazione prodotti dal trattamento dei fumi, diversi da quelli di cui alla voce 10 11 17","tag_cer"
"101119","rifiuti solidi prodotti dal trattamento in loco degli effluenti, contenenti sostanze pericolose","tag_cer"
"101120","rifiuti solidi prodotti dal trattamento in loco degli effluenti, diversi da quelli di cui alla voce 10 11 19","tag_cer"
"101199","rifiuti non specificati altrimenti","tag_cer"
"101201","scarti di mescole non sottoposte a trattamento termico","tag_cer"
"101203","polveri e particolato","tag_cer"
"101205","fanghi e residui di filtrazione prodotti dal trattamento dei fumi","tag_cer"
"101206","stampi di scarto","tag_cer"
"101208","scarti di ceramica, mattoni, mattonelle e materiali da costruzione (sottoposti a trattamento termico)","tag_cer"
"101209","rifiuti solidi prodotti dal trattamento dei fumi, contenenti sostanze pericolose","tag_cer"
"101210","rifiuti solidi prodotti dal trattamento dei fumi, diversi da quelli di cui alla voce 10 12 09","tag_cer"
"101211","rifiuti delle operazioni di smaltatura, contenenti metalli pesanti","tag_cer"
"101212","rifiuti delle operazioni di smaltatura diversi da quelli di cui alla voce 10 12 11","tag_cer"
"101213","fanghi prodotti dal trattamento in loco degli effluenti","tag_cer"
"101299","rifiuti non specificati altrimenti","tag_cer"
"101301","scarti di mescole non sottoposte a trattamento termico","tag_cer"
"101304","rifiuti di calcinazione e di idratazione della calce","tag_cer"
"101306","polveri e particolato (eccetto quelli delle voci 10 13 12 e 10 13 13)","tag_cer"
"101307","fanghi e residui di filtrazione prodotti dal trattamento dei fumi","tag_cer"
"101309","rifiuti della fabbricazione di amianto cemento, contenenti amianto","tag_cer"
"101310","rifiuti della fabbricazione di amianto cemento, diversi da quelli di cui alla voce 10 13 09","tag_cer"
"101311","rifiuti della produzione di materiali compositi a base di cemento, diversi da quelli di cui alle voci 10 13 09 e 10 13 10","tag_cer"
"101312","rifiuti solidi prodotti dal trattamento dei fumi, contenenti sostanze pericolose","tag_cer"
"101313","rifiuti solidi prodotti dal trattamento dei fumi, diversi da quelli di cui alla voce 10 13 12","tag_cer"
"101314","rifiuti e fanghi di cemento","tag_cer"
"101399","rifiuti non specificati altrimenti","tag_cer"
"101401","rifiuti prodotti dalla depurazione dei fumi, contenenti mercurio","tag_cer"
"110105","acidi di decappaggio","tag_cer"
"110106","acidi non specificati altrimenti","tag_cer"
"110107","basi di decappaggio","tag_cer"
"110108","fanghi di fosfatazione","tag_cer"
"110109","fanghi e residui di filtrazione, contenenti sostanze pericolose","tag_cer"
"110110","fanghi e residui di filtrazione, diversi da quelli di cui alla voce 11 01 09","tag_cer"
"110111","soluzioni acquose di lavaggio, contenenti sostanze pericolose","tag_cer"
"110112","soluzioni acquose di lavaggio, diverse da quelle di cui alla voce 10 01 11","tag_cer"
"110113","rifiuti di sgrassaggio contenenti sostanze pericolose","tag_cer"
"110114","rifiuti di sgrassaggio diversi da quelli di cui alla voce 11 01 13","tag_cer"
"110115","eluati e fanghi di sistemi a membrana e sistemi a scambio ionico, contenenti sostanze pericolose","tag_cer"
"110116","resine a scambio ionico saturate o esaurite","tag_cer"
"110198","altri rifiuti contenenti sostanze pericolose","tag_cer"
"110199","rifiuti non specificati altrimenti","tag_cer"
"110202","rifiuti della lavorazione idrometallurgica dello zinco (compresi jarosite, goethite)","tag_cer"
"110203","rifiuti della produzione di anodi per processi elettrolitici acquosi","tag_cer"
"110205","rifiuti della lavorazione idrometallurgica del rame, contenenti sostanze pericolose","tag_cer"
"110206","rifiuti della lavorazione idrometallurgica del rame, diversi da quelli della voce 11 02 05","tag_cer"
"110207","altri rifiuti contenenti sostanze pericolose","tag_cer"
"110299","rifiuti non specificati altrimenti","tag_cer"
"110301","rifiuti contenenti cianuro","tag_cer"
"110302","altri rifiuti","tag_cer"
"110501","zinco solido","tag_cer"
"110502","ceneri di zinco","tag_cer"
"110503","rifiuti solidi prodotti dal trattamento dei fumi","tag_cer"
"110504","fondente esaurito","tag_cer"
"110599","rifiuti non specificati altrimenti","tag_cer"
"120101","limatura e trucioli di materiali ferrosi","tag_cer"
"120102","polveri e particolato di materiali ferrosi","tag_cer"
"120103","limatura e trucioli di materiali non ferrosi","tag_cer"
"120104","polveri e particolato di materiali non ferrosi","tag_cer"
"120105","limatura e trucioli di materiali plastici","tag_cer"
"120106","oli minerali per macchinari, contenenti alogeni (eccetto emulsioni e soluzioni)","tag_cer"
"120107","oli minerali per macchinari, non contenenti alogeni (eccetto emulsioni e soluzioni)","tag_cer"
"120108","emulsioni e soluzioni per macchinari, contenenti alogeni","tag_cer"
"120109","emulsioni e soluzioni per macchinari, non contenenti alogeni","tag_cer"
"120110","oli sintetici per macchinari","tag_cer"
"120112","tag_cere e grassi esauriti","tag_cer"
"120113","rifiuti di saldatura","tag_cer"
"120114","fanghi di lavorazione, contenenti sostanze pericolose","tag_cer"
"120115","fanghi di lavorazione, diversi da quelli di cui alla voce 12 01 14","tag_cer"
"120116","materiale abrasivo di scarto, contenente sostanze pericolose","tag_cer"
"120117","materiale abrasivo di scarto, diverso da quello di cui alla voce 12 01 16","tag_cer"
"120118","fanghi metallici (fanghi di rettifica, affilatura e lappatura) contenenti olio","tag_cer"
"120119","oli per macchinari, facilmente biodegradabili","tag_cer"
"120120","corpi d'utensile e materiali di rettifica esauriti, contenenti sostanze pericolose","tag_cer"
"120121","corpi d'utensile e materiali di rettifica esauriti, diversi da quelli di cui alla voce 12 01 20","tag_cer"
"120199","rifiuti non specificati altrimenti","tag_cer"
"120301","soluzioni acquose di lavaggio","tag_cer"
"120302","rifiuti prodotti da processi di sgrassatura a vapore","tag_cer"
"130101","oli per circuiti idraulici contenenti PCB","tag_cer"
"130104","emulsioni clorurate","tag_cer"
"130105","emulsioni non clorurate","tag_cer"
"130109","oli minerali per circuiti idraulici, clorurati","tag_cer"
"130110","oli minerali per circuiti idraulici, non clorurati","tag_cer"
"130111","oli sintetici per circuiti idraulici","tag_cer"
"130112","oli per circuiti idraulici, facilmente biodegradabili","tag_cer"
"130113","altri oli per circuiti idraulici","tag_cer"
"130204","scarti di olio minerale per motori, ingranaggi e lubrificazione, clorurati","tag_cer"
"130205","scarti di olio minerale per motori, ingranaggi e lubrificazione, non clorurati","tag_cer"
"130206","scarti di olio sintetico per motori, ingranaggi e lubrificazione","tag_cer"
"130207","olio per motori, ingranaggi e lubrificazione, facilmente biodegradabile","tag_cer"
"130208","altri oli per motori, ingranaggi e lubrificazione","tag_cer"
"130301","oli isolanti e termoconduttori, contenenti PCB","tag_cer"
"130306","oli minerali isolanti e termoconduttori clorurati, diversi da quelli di cui alla voce 13 03 01","tag_cer"
"130307","oli minerali isolanti e termoconduttori non clorurati","tag_cer"
"130308","oli sintetici isolanti e termoconduttori","tag_cer"
"130309","oli isolanti e termoconduttori, facilmente biodegradabili","tag_cer"
"130310","altri oli isolanti e termoconduttori","tag_cer"
"130401","oli di sentina della navigazione interna","tag_cer"
"130402","oli di sentina delle fognature dei moli","tag_cer"
"130403","altri oli di sentina della navigazione","tag_cer"
"130501","rifiuti solidi delle camere a sabbia e di prodotti di separazione olio/acqua","tag_cer"
"130502","fanghi di prodotti di separazione olio/acqua","tag_cer"
"130503","fanghi da collettori","tag_cer"
"130506","oli prodotti dalla separazione olio/acqua","tag_cer"
"130507","acque oleose prodotte dalla separazione olio/acqua","tag_cer"
"130508","miscugli di rifiuti delle camere a sabbia e dei prodotti di separazione olio/acqua","tag_cer"
"130701","olio combustibile e carburante diesel","tag_cer"
"130702","petrolio","tag_cer"
"130703","altri carburanti (comprese le miscele)","tag_cer"
"130801","fanghi ed emulsioni prodotti dai processi di dissalazione","tag_cer"
"130802","altre emulsioni","tag_cer"
"130899","rifiuti non specificati altrimenti","tag_cer"
"140601","clorofluorocarburi, HCFC, HFC","tag_cer"
"140602","altri solventi e miscele di solventi, alogenati","tag_cer"
"140603","altri solventi e miscele di solventi","tag_cer"
"140604","fanghi o rifiuti solidi, contenenti solventi alogenati","tag_cer"
"140605","fanghi o rifiuti solidi, contenenti altri solventi","tag_cer"
"150101","imballaggi in carta e cartone","tag_cer"
"150102","imballaggi in plastica","tag_cer"
"150103","imballaggi in legno","tag_cer"
"150104","imballaggi metallici","tag_cer"
"150105","imballaggi in materiali compositi","tag_cer"
"150106","imballaggi in materiali misti","tag_cer"
"150107","imballaggi in vetro","tag_cer"
"150109","imballaggi in materia tessile","tag_cer"
"150110","imballaggi contenenti residui di sostanze pericolose o contaminati da tali sostanze","tag_cer"
"150111","imballaggi metallici contenenti matrici solide porose pericolose (ad esempio amianto), compresi i contenitori a pressione vuoti","tag_cer"
"150202","assorbenti, materiali filtranti (inclusi filtri dell'olio non specificati altrimenti), stracci e indumenti protettivi, contaminati da sostanze pericolose","tag_cer"
"150203","assorbenti, materiali filtranti, stracci e indumenti protettivi, diversi da quelli di cui alla voce 15 02 02","tag_cer"
"160103","pneumatici fuori uso","tag_cer"
"160104","veicoli fuori uso","tag_cer"
"160106","veicoli fuori uso, non contenenti liquidi né altre componenti pericolose","tag_cer"
"160107","filtri dell'olio","tag_cer"
"160108","componenti contenenti mercurio","tag_cer"
"160109","componenti contenenti PCB","tag_cer"
"160110","componenti esplosivi (ad esempio "air bag")","tag_cer"
"160111","pastiglie per freni, contenenti amianto","tag_cer"
"160112","pastiglie per freni, diverse da quelle di cui alla voce 16 01 11","tag_cer"
"160113","liquidi per freni","tag_cer"
"160114","liquidi antigelo contenenti sostanze pericolose","tag_cer"
"160115","liquidi antigelo diversi da quelli di cui alla voce 16 01 14","tag_cer"
"160116","serbatoi per gas liquido","tag_cer"
"160117","metalli ferrosi","tag_cer"
"160118","metalli non ferrosi","tag_cer"
"160119","plastica","tag_cer"
"160120","vetro","tag_cer"
"160121","componenti pericolosi diversi da quelli di cui alle voci da 16 01 07 a 16 01 11, 16 01 13 e 16 01 14","tag_cer"
"160122","componenti non specificati altrimenti","tag_cer"
"160199","rifiuti non specificati altrimenti","tag_cer"
"160209","trasformatori e condensatori contenenti PCB","tag_cer"
"160210","apparecchiature fuori uso contenenti PCB o da essi contaminate, diverse da quelle di cui alla voce 16 02 09","tag_cer"
"160211","apparecchiature fuori uso, contenenti clorofluorocarburi, HCFC, HFC","tag_cer"
"160212","apparecchiature fuori uso, contenenti amianto in fibre libere","tag_cer"
"160213","apparecchiature fuori uso, contenenti componenti pericolosi diversi da quelli di cui alle voci 16 02 09 e 16 02 12","tag_cer"
"160214","apparecchiature fuori uso, diverse da quelle di cui alle voci da 16 02 09 a 16 02 13","tag_cer"
"160215","componenti pericolosi rimossi da apparecchiature fuori uso","tag_cer"
"160216","componenti rimossi da apparecchiature fuori uso, diversi da quelli di cui alla voce 16 02 15","tag_cer"
"160303","rifiuti inorganici, contenenti sostanze pericolose","tag_cer"
"160304","rifiuti inorganici, diversi da quelli di cui alla voce 16 03 03","tag_cer"
"160305","rifiuti organici, contenenti sostanze pericolose","tag_cer"
"160306","rifiuti organici, diversi da quelli di cui alla voce 16 03 05","tag_cer"
"160401","munizioni di scarto","tag_cer"
"160402","fuochi artificiali di scarto","tag_cer"
"160403","altri esplosivi di scarto","tag_cer"
"160504","gas in contenitori a pressione (compresi gli halon), contenenti sostanze pericolose","tag_cer"
"160505","gas in contenitori a pressione, diversi da quelli di cui alla voce 16 05 04","tag_cer"
"160506","sostanze chimiche di laboratorio contenenti o costituite da sostanze pericolose, comprese le miscele di sostanze chimiche di laboratorio","tag_cer"
"160507","sostanze chimiche inorganiche di scarto contenenti o costituite da sostanze pericolose","tag_cer"
"160508","sostanze chimiche organiche di scarto contenenti o costituite da sostanze pericolose","tag_cer"
"160509","sostanze chimiche di scarto diverse da quelle di cui alle voci 16 05 06, 16 05 07 e 16 05 08","tag_cer"
"160601","batterie al piombo","tag_cer"
"160602","batterie al nichel-cadmio","tag_cer"
"160603","batterie contenenti mercurio","tag_cer"
"160604","batterie alcaline (tranne 16 06 03)","tag_cer"
"160605","altre batterie ed accumulatori","tag_cer"
"160606","elettroliti di batterie ed accumulatori, oggetto di raccolta differenziata","tag_cer"
"160708","rifiuti contenenti olio","tag_cer"
"160709","rifiuti contenenti altre sostanze pericolose","tag_cer"
"160799","rifiuti non specificati altrimenti","tag_cer"
"160801","catalizzatori esauriti contenenti oro, argento, renio, rodio, palladio, iridio o platino (tranne 16 08 07)","tag_cer"
"160802","catalizzatori esauriti contenenti metalli di transizione pericolosi o composti di metalli di transizione pericolosi","tag_cer"
"160803","catalizzatori esauriti contenenti metalli di transizione o composti di metalli di transizione, non specificati altrimenti","tag_cer"
"160804","catalizzatori liquidi esauriti per il da cracking catalitico fluido (tranne 16 08 07)","tag_cer"
"160805","catalizzatori esauriti contenenti acido fosforico","tag_cer"
"160806","liquidi esauriti usati come catalizzatori","tag_cer"
"160807","catalizzatori esauriti contaminati da sostanze pericolose","tag_cer"
"160901","permanganati, ad esempio permanganato di potassio","tag_cer"
"160902","cromati, ad esempio cromato di potassio, dicromato di potassio o di sodio","tag_cer"
"160903","perossidi, ad esempio perossido d'idrogeno","tag_cer"
"160904","sostanze ossidanti non specificate altrimenti","tag_cer"
"161001","soluzioni acquose di scarto, contenenti sostanze pericolose","tag_cer"
"161002","soluzioni acquose di scarto, diverse da quelle di cui alla voce 16 10 01","tag_cer"
"161003","concentrati acquosi, contenenti sostanze pericolose","tag_cer"
"161004","concentrati acquosi, diversi da quelli di cui alla voce 16 10 03","tag_cer"
"161101","rivestimenti e materiali refrattari a base di carbone provenienti dalle lavorazioni metallurgiche, contenenti sostanze pericolose","tag_cer"
"161102","rivestimenti e materiali refrattari a base di carbone provenienti dalle lavorazioni metallurgiche, diversi da quelli di cui alla voce 16 11 01","tag_cer"
"161103","altri rivestimenti e materiali refrattari provenienti dalle lavorazioni metallurgiche, contenenti sostanze pericolose","tag_cer"
"161104","altri rivestimenti e materiali refrattari provenienti dalle lavorazioni metallurgiche, diversi da quelli di cui alla voce 16 11 01 03","tag_cer"
"161105","rivestimenti e materiali refrattari provenienti da lavorazioni non metallurgiche, contenenti sostanze pericolose","tag_cer"
"161106","rivestimenti e materiali refrattari provenienti da lavorazioni non metallurgiche, diversi da quelli di cui alla voce 16 11 05","tag_cer"
"170101","cemento","tag_cer"
"170102","mattoni","tag_cer"
"170103","mattonelle e ceramiche","tag_cer"
"170106","miscugli o scorie di cemento, mattoni, mattonelle e ceramiche, contenenti sostanze pericolose","tag_cer"
"170107","miscugli o scorie di cemento, mattoni, mattonelle e ceramiche, diverse da quelle di cui alla voce 17 01 06","tag_cer"
"170201","legno","tag_cer"
"170202","vetro","tag_cer"
"170203","plastica","tag_cer"
"170204","vetro, plastica e legno contenenti sostanze pericolose o da esse contaminati","tag_cer"
"170301","miscele bituminose contenenti catrame di carbone","tag_cer"
"170302","miscele bituminose diverse da quelle di cui alla voce 17 03 01","tag_cer"
"170303","catrame di carbone e prodotti contenenti catrame","tag_cer"
"170401","rame, bronzo, ottone","tag_cer"
"170402","alluminio","tag_cer"
"170403","piombo","tag_cer"
"170404","zinco","tag_cer"
"170405","ferro e acciaio","tag_cer"
"170406","stagno","tag_cer"
"170407","metalli misti","tag_cer"
"170409","rifiuti metallici contaminati da sostanze pericolose","tag_cer"
"170410","cavi, impregnati di olio, di catrame di carbone o di altre sostanze pericolose","tag_cer"
"170411","cavi, diversi da quelli di cui alla voce 17 04 10","tag_cer"
"170503","terra e rocce, contenenti sostanze pericolose","tag_cer"
"170504","terra e rocce, diverse da quelle di cui alla voce 17 05 03","tag_cer"
"170505","fanghi di dragaggio, contenente sostanze pericolose","tag_cer"
"170506","fanghi di dragaggio, diversa da quella di cui alla voce 17 05 05","tag_cer"
"170507","pietrisco per massicciate ferroviarie, contenente sostanze pericolose","tag_cer"
"170508","pietrisco per massicciate ferroviarie, diverso da quello di cui alla voce 17 05 07","tag_cer"
"170601","materiali isolanti contenenti amianto","tag_cer"
"170603","altri materiali isolanti contenenti o costituiti da sostanze pericolose","tag_cer"
"170604","materiali isolanti diversi da quelli di cui alle voci 17 06 01 e 17 06 03","tag_cer"
"170605","materiali da costruzione contenenti amianto","tag_cer"
"170801","materiali da costruzione a base di gesso contaminati da sostanze pericolose","tag_cer"
"170802","materiali da costruzione a base di gesso diversi da quelli di cui alla voce 17 08 01","tag_cer"
"170901","rifiuti dell'attività di costruzione e demolizione, contenenti mercurio","tag_cer"
"170902","rifiuti dell'attività di costruzione e demolizione, contenenti PCB (ad esempio sigillanti contenenti PCB, pavimentazioni a base di resina contenenti PCB, elementi stagni in vetro contenenti PCB, condensatori contenenti PCB)","tag_cer"
"170903","altri rifiuti dell'attività di costruzione e demolizione (compresi rifiuti misti) contenenti sostanze pericolose","tag_cer"
"170904","rifiuti misti dell'attività di costruzione e demolizione, diversi da quelli di cui alle voci 17 09 01, 17 09 02 e 17 09 03","tag_cer"
"180101","oggetti da taglio (eccetto 18 01 03)","tag_cer"
"180102","parti anatomiche ed organi incluse le sacche per il plasma e le riserve di sangue (tranne 18 01 03)","tag_cer"
"180103","rifiuti che devono essere raccolti e smaltiti applicando precauzioni particolari per evitare infezioni","tag_cer"
"180104","rifiuti che non devono essere raccolti e smaltiti applicando precauzioni particolari per evitare infezioni (es. bende, ingessature, lenzuola, indumenti monouso, assorbenti igienici)","tag_cer"
"180106","sostanze chimiche pericolose o contenenti sostanze pericolose","tag_cer"
"180107","sostanze chimiche diverse da quelle di cui alla voce 18 01 06","tag_cer"
"180108","medicinali citotossici e citostatici","tag_cer"
"180109","medicinali diversi da quelli di cui alla voce 18 01 08","tag_cer"
"180110","rifiuti di amalgama prodotti da interventi odontoiatrici","tag_cer"
"180201","oggetti da taglio (eccetto 18 02 02)","tag_cer"
"180202","rifiuti che devono essere raccolti e smaltiti applicando precauzioni particolari per evitare infezioni","tag_cer"
"180203","rifiuti che non devono essere raccolti e smaltiti applicando precauzioni particolari per evitare infezioni","tag_cer"
"180205","sostanze chimiche pericolose o contenenti sostanze pericolose","tag_cer"
"180206","sostanze chimiche diverse da quelle di cui alla voce 18 02 05","tag_cer"
"180207","medicinali citotossici e citostatici","tag_cer"
"180208","medicinali diversi da quelli di cui alla voce 18 02 07","tag_cer"
"190102","materiali ferrosi estratti da ceneri pesanti","tag_cer"
"190105","residui di filtrazione prodotti dal trattamento dei fumi","tag_cer"
"190106","rifiuti liquidi acquosi prodotti dal trattamento dei fumi e di altri rifiuti liquidi acquosi","tag_cer"
"190107","rifiuti solidi prodotti dal trattamento dei fumi","tag_cer"
"190110","carbone attivo esaurito, impiegato per il trattamento dei fumi","tag_cer"
"190111","ceneri pesanti e scorie, contenenti sostanze pericolose","tag_cer"
"190112","ceneri pesanti e scorie, diverse da quelle di cui alla voce 19 01 11","tag_cer"
"190113","ceneri leggere, contenenti sostanze pericolose","tag_cer"
"190114","ceneri leggere, diverse da quelle di cui alla voce 19 01 13","tag_cer"
"190115","ceneri di caldaia, contenenti sostanze pericolose","tag_cer"
"190116","polveri di caldaia, diverse da quelle di cui alla voce 19 01 15","tag_cer"
"190117","rifiuti della pirolisi, contenenti sostanze pericolose","tag_cer"
"190118","rifiuti della pirolisi, diversi da quelli di cui alla voce 19 01 17","tag_cer"
"190119","sabbie dei reattori a letto fluidizzato","tag_cer"
"190199","rifiuti non specificati altrimenti","tag_cer"
"190203","miscugli di rifiuti composti esclusivamente da rifiuti non pericolosi","tag_cer"
"190204","miscugli di rifiuti contenenti almeno un rifiuto pericoloso","tag_cer"
"190205","fanghi prodotti da trattamenti chimico-fisici, contenenti sostanze pericolose","tag_cer"
"190206","fanghi prodotti da trattamenti chimico-fisici, diversi da quelli di cui alla voce 19 02 05","tag_cer"
"190207","oli e concentrati prodotti da processi di separazione","tag_cer"
"190208","rifiuti combustibili liquidi, contenenti sostanze pericolose","tag_cer"
"190209","rifiuti combustibili solidi, contenenti sostanze pericolose","tag_cer"
"190210","rifiuti combustibili, diversi da quelli di cui alle voci 19 02 08 e 19 02 09","tag_cer"
"190211","altri rifiuti contenenti sostanze pericolose","tag_cer"
"190299","rifiuti non specificati altrimenti","tag_cer"
"190304","rifiuti contrassegnati come pericolosi, parzialmente stabilizzati","tag_cer"
"190305","rifiuti stabilizzati diversi da quelli di cui alla voce 19 03 04","tag_cer"
"190306","rifiuti contrassegnati come pericolosi, solidificati","tag_cer"
"190307","rifiuti solidificati diversi da quelli di cui alla voce 19 03 06","tag_cer"
"190401","rifiuti vetrificati","tag_cer"
"190402","ceneri leggere ed altri rifiuti dal trattamento dei fumi","tag_cer"
"190403","fase solida non vetrificata","tag_cer"
"190404","rifiuti liquidi acquosi prodotti dalla tempra di rifiuti vetrificati","tag_cer"
"190501","parte di rifiuti urbani e simili non compostata","tag_cer"
"190502","parte di rifiuti animali e vegetali non compostata","tag_cer"
"190503","compost fuori specifica","tag_cer"
"190599","rifiuti non specificati altrimenti","tag_cer"
"190603","liquidi prodotti dal trattamento anaerobico di rifiuti urbani","tag_cer"
"190604","digestato prodotto dal trattamento anaerobico di rifiuti urbani","tag_cer"
"190605","liquidi prodotti dal trattamento anaerobico di rifiuti di origine animale o vegetale","tag_cer"
"190606","digestato prodotto dal trattamento anaerobico di rifiuti di origine animale o vegetale","tag_cer"
"190699","rifiuti non specificati altrimenti","tag_cer"
"190702","percolato di discarica, contenente sostanze pericolose","tag_cer"
"190703","percolato di discarica, diverso da quello di cui alla voce 19 07 02","tag_cer"
"190801","vaglio","tag_cer"
"190802","rifiuti dell'eliminazione della sabbia","tag_cer"
"190805","fanghi prodotti dal trattamento delle acque reflue urbane","tag_cer"
"190806","resine a scambio ionico saturate o esaurite","tag_cer"
"190807","soluzioni e fanghi di rigenerazione delle resine a scambio ionico","tag_cer"
"190808","rifiuti prodotti da sistemi a membrana, contenenti sostanze pericolose","tag_cer"
"190809","miscele di oli e grassi prodotte dalla separazione olio/acqua, contenenti esclusivamente oli e grassi commestibili","tag_cer"
"190810","miscele di oli e grassi prodotte dalla separazione olio/acqua, diverse da quelle di cui alla voce 19 08 09","tag_cer"
"190811","fanghi prodotti dal trattamento biologico delle acque reflue industriali, contenenti sostanze pericolose","tag_cer"
"190812","fanghi prodotti dal trattamento biologico delle acque reflue industriali, diversi da quelli di cui alla voce 19 08 11","tag_cer"
"190813","fanghi contenenti sostanze pericolose prodotti da altri trattamenti delle acque reflue industriali","tag_cer"
"190814","fanghi prodotti da altri trattamenti delle acque reflue industriali, diversi da quelli di cui alla voce 19 08 13","tag_cer"
"190899","rifiuti non specificati altrimenti","tag_cer"
"190901","rifiuti solidi prodotti dai processi di filtrazione e vaglio primari","tag_cer"
"190902","fanghi prodotti dai processi di chiarificazione dell'acqua","tag_cer"
"190903","fanghi prodotti dai processi di decarbonatazione","tag_cer"
"190904","carbone attivo esaurito","tag_cer"
"190905","resine a scambio ionico saturate o esaurite","tag_cer"
"190906","soluzioni e fanghi di rigenerazione delle resine a scambio ionico","tag_cer"
"190999","rifiuti non specificati altrimenti","tag_cer"
"191001","rifiuti di ferro e acciaio","tag_cer"
"191002","rifiuti di metalli non ferrosi","tag_cer"
"191003","fluff - frazione leggera e polveri, contenenti sostanze pericolose","tag_cer"
"191004","fluff - frazione leggera e polveri, diversi da quelli di cui alla voce 19 10 03","tag_cer"
"191005","altre frazioni, contenenti sostanze pericolose","tag_cer"
"191006","altre frazioni, diverse da quelle di cui alla voce 19 10 05","tag_cer"
"191101","filtri di argilla esauriti","tag_cer"
"191102","catrami acidi","tag_cer"
"191103","rifiuti liquidi acquosi","tag_cer"
"191104","rifiuti prodotti dalla purificazione di carburanti tramite basi","tag_cer"
"191105","fanghi prodotti dal trattamento in loco degli effluenti, contenenti sostanze pericolose","tag_cer"
"191106","fanghi prodotti dal trattamento in loco degli effluenti, diversi da quelli di cui alla voce 19 11 05","tag_cer"
"191107","rifiuti prodotti dalla purificazione dei fumi","tag_cer"
"191199","rifiuti non specificati altrimenti","tag_cer"
"191201","carta e cartone","tag_cer"
"191202","metalli ferrosi","tag_cer"
"191203","metalli non ferrosi","tag_cer"
"191204","plastica e gomma","tag_cer"
"191205","vetro","tag_cer"
"191206","legno contenente sostanze pericolose","tag_cer"
"191207","legno diverso da quello di cui alla voce 19 12 06","tag_cer"
"191208","prodotti tessili","tag_cer"
"191209","minerali (ad esempio sabbia, rocce)","tag_cer"
"191210","rifiuti combustibili (CDR: combustibile derivato da rifiuti)","tag_cer"
"191211","altri rifiuti (compresi materiali misti) prodotti dal trattamento meccanico dei rifiuti, contenenti sostanze pericolose","tag_cer"
"191212","altri rifiuti (compresi materiali misti) prodotti dal trattamento meccanico dei rifiuti, diversi da quelli di cui alla voce 19 12 11","tag_cer"
"191301","rifiuti solidi prodotti dalle operazioni di bonifica dei terreni, contenenti sostanze pericolose","tag_cer"
"191302","rifiuti solidi prodotti dalle operazioni di bonifica dei terreni, diversi da quelli di cui alla voce 19 13 01","tag_cer"
"191303","fanghi prodotti dalle operazioni di bonifica dei terreni, contenenti sostanze pericolose","tag_cer"
"191304","fanghi prodotti dalle operazioni di bonifica dei terreni, diversi da quelli di cui alla voce 19 13 03","tag_cer"
"191305","fanghi prodotti dalle operazioni di risanamento delle acque di falda, contenenti sostanze pericolose","tag_cer"
"191306","fanghi prodotti dalle operazioni di risanamento delle acque di falda, diversi da quelli di cui alla voce 19 13 05","tag_cer"
"191307","rifiuti liquidi acquosi e concentrati acquosi prodotti dalle operazioni di risanamento delle acque di falda, contenenti sostanze pericolose","tag_cer"
"191308","rifiuti liquidi acquosi e concentrati acquosi prodotti dalle operazioni di risanamento delle acque di falda, diversi da quelli di cui alla voce 19 13 07","tag_cer"
"200101","carta e cartone","tag_cer"
"200102","vetro","tag_cer"
"200108","rifiuti biodegradabili di cucine e mense","tag_cer"
"200110","abbigliamento","tag_cer"
"200111","prodotti tessili","tag_cer"
"200113","solventi","tag_cer"
"200114","acidi","tag_cer"
"200115","sostanze alcaline","tag_cer"
"200117","prodotti fotochimici","tag_cer"
"200119","pesticidi","tag_cer"
"200121","tubi fluorescenti ed altri rifiuti contenenti mercurio","tag_cer"
"200123","apparecchiature fuori uso contenenti clorofluorocarburi","tag_cer"
"200125","oli e grassi commestibili","tag_cer"
"200126","oli e grassi diversi da quelli di cui alla voce 20 01 25","tag_cer"
"200127","vernici, inchiostri, adesivi e resine contenenti sostanze pericolose","tag_cer"
"200128","vernici, inchiostri, adesivi e resine diversi da quelli di cui alla voce 20 01 27","tag_cer"
"200129","detergenti contenenti sostanze pericolose","tag_cer"
"200130","detergenti diversi da quelli di cui alla voce 20 01 29","tag_cer"
"200131","medicinali citotossici e citostatici","tag_cer"
"200132","medicinali diversi da quelli di cui alla voce 20 01 31","tag_cer"
"200133","batterie e accumulatori di cui alle voci 16 06 01, 16 06 02 e 16 06 03 nonché batterie e accumulatori non suddivisi contenenti tali batterie","tag_cer"
"200134","batterie e accumulatori diversi da quelli di cui alla voce 20 01 33","tag_cer"
"200135","apparecchiature elettriche ed elettroniche fuori uso, diverse da quelle di cui alla voce 20 01 21 e 20 01 23, contenenti componenti pericolosi","tag_cer"
"200136","apparecchiature elettriche ed elettroniche fuori uso, diverse da quelle di cui alle voci 20 01 21, 20 01 23 e 20 01 35","tag_cer"
"200137","legno, contenente sostanze pericolose","tag_cer"
"200138","legno, diverso da quello di cui alla voce 20 01 37","tag_cer"
"200139","plastica","tag_cer"
"200140","metallo","tag_cer"
"200141","rifiuti prodotti dalla pulizia di camini e ciminiere","tag_cer"
"200199","altre frazioni non specificate altrimenti","tag_cer"
"200201","rifiuti biodegradabili","tag_cer"
"200202","terra e roccia","tag_cer"
"200203","altri rifiuti non biodegradabili","tag_cer"
"200301","rifiuti urbani non differenziati","tag_cer"
"200302","rifiuti dei mercati","tag_cer"
"200303","residui della pulizia stradale","tag_cer"
"200304","fanghi delle fosse settiche","tag_cer"
"200306","rifiuti della pulizia delle fognature","tag_cer"
"200307","rifiuti ingombranti","tag_cer"
"200399","rifiuti urbani non specificati altrimenti","tag_cer"
